category,total_revenue,revenue_share
beauty,711740.7244999997,0.12699851781207439
,134112.00350000008,0.02393009853029388
books,673264.1065000003,0.12013299320709402
home_garden,724033.5749999998,0.12919197638405952
electronics,647852.9374999998,0.11559878476884664
sports,686716.3714999992,0.12253333037680601
clothing,638576.5890000007,0.11394357175425379
food_drink,681312.6075000009,0.12156911687182759
toys,706714.1649999998,0.12610161029474404
